title,company,location,link
Business Analyst (Remote),BenchSci,"Remote in Toronto, ON",https://ca.indeed.com/viewjob?jk=0715a9ee3c9f65d5
Software Developer (Python),Sentaca,"Toronto, ON",https://ca.indeed.com/viewjob?jk=f2edd794941770ab
"Associate, Business Analyst (New Grad)",Capital One,"Hybrid remote in Toronto, ON",https://ca.indeed.com/viewjob?jk=6fdfed75349b3baa
Python RedShift/PostgreSQL Developer,DENOLOGIX,"Remote in Toronto, ON",https://ca.indeed.com/viewjob?jk=b5c13dbb7238f44a
Fall 2022 Co-op: Software Developer,Rogers Communications,"Brampton, ON",https://ca.indeed.com/viewjob?jk=c27d14b91d059594
Junior Data Analyst,Beta-Calco,"Remote in Toronto, ON",https://ca.indeed.com/viewjob?jk=1959ef6638db3eb7
COMPOSITOR - JUNIOR,Tryptyc,"Remote in Toronto, ON",https://ca.indeed.com/viewjob?jk=cbb79bedd80bc3ab
"engineer, software",Kraft Heinz,"Remote in North York, ON",https://ca.indeed.com/viewjob?jk=7253eb999987a374
Quality Assurance Analysts,Avenu Insights and Analytics,"Mississauga, ON",https://ca.indeed.com/viewjob?jk=f3e17250636913ea
"Software Developer, Early Career",Google,"Waterloo, ON",https://ca.indeed.com/viewjob?jk=369437712218a654
Business Analyst,Amex,"Toronto, ON",https://ca.indeed.com/viewjob?jk=15469a6b82ba0c85
Current Positions,Angstrom Engineering,"Kitchener, ON",https://ca.indeed.com/viewjob?jk=984575c192de5e46
Agent de sécurité de la TI,Canadian Security Intelligence Service,"Ottawa, ON",https://ca.indeed.com/viewjob?jk=ff6e95eeb0f6eff2
Software Analyst - Intermediate,Morson International,"North York, ON",https://ca.indeed.com/viewjob?jk=9ca54fe8c1f458d8
Software Engineering Co-op/Intern,NOKIA,"Ottawa, ON",https://ca.indeed.com/viewjob?jk=cde174e50c009f54
Investment Operations Analyst,OnwSixtyTwo Digital Capital,"Greater Toronto Area, ON",https://ca.indeed.com/viewjob?jk=d8e4856e99445ed5
Toronto - Junior Software Developer,FDM Group,"Toronto, ON",https://ca.indeed.com/viewjob?jk=b81435d2cca48c0d
Sr. System Administrator SYSADMIN,Mendax Micro,"Toronto, ON",https://ca.indeed.com/viewjob?jk=2a37662f6411f3e7
Python Developer,RiskView Inc.,"Toronto, ON",https://ca.indeed.com/viewjob?jk=0b6d69ff69481a6c
Senior Python Developer,TV2 Consulting,"Remote in Toronto, ON",https://ca.indeed.com/viewjob?jk=0e5df830f2d0f603
Data Scientist,MSi Corp (Bell Canada),,https://ca.indeed.com/viewjob?jk=5ceec7f44d0acb3c
Test Engineering Intern,Semtech,"Burlington, ON",https://ca.indeed.com/viewjob?jk=29078d4b1e5e2132
Python Engineer,TD Bank,"Toronto, ON",https://ca.indeed.com/viewjob?jk=01781382e079ca3c
front-end developer,ThinkRF,"Kanata, ON",https://ca.indeed.com/viewjob?jk=e905f61b1fd68b64
embedded software engineer,Ciena Corp,"Remote in Kanata, ON",https://ca.indeed.com/viewjob?jk=872cee9c0cdea5f4
Reporting & Planning Specialist - Customer Care (remote) Tor...,Philip Morris International,"Remote in Toronto, ON",https://ca.indeed.com/viewjob?jk=d5d76f067af9bd86
Search Data Analyst (15013) - Toronto (Remote),Getty Images,"Temporarily Remote in Toronto, ON",https://ca.indeed.com/viewjob?jk=58b243f85de7e4ae
R & D Scientist (Remote),BenchSci,"Remote in Toronto, ON",https://ca.indeed.com/viewjob?jk=695c5d5596bdd8dd
Data Scientist - Co-op,SkyWatch,"Kitchener, ON",https://ca.indeed.com/viewjob?jk=5a3f1a7647b45764
Graduate Research Intern (Machine Learning),Deep Genomics,"Toronto, ON",https://ca.indeed.com/viewjob?jk=32dc3e836f00d45b
Full Stack Software Developer,Hotspex Media,,https://ca.indeed.com/viewjob?jk=06395cfdf961353c
"Student Researcher, PhD, 2022",Google,"Remote in Waterloo, ON",https://ca.indeed.com/viewjob?jk=f103ad2ca4682895
Customer Applications Eng Co-op/Intern,NOKIA,"Remote in Ottawa, ON",https://ca.indeed.com/viewjob?jk=1f5d75b92133d268
Data Scientist --Digital Signal Processing (DSP) Python,BresoTec Incorporated,"Remote in Toronto, ON",https://ca.indeed.com/viewjob?jk=c26aa9f3ed0bde43
Java or Python Developer,Dawn InfoTek Inc.,"Toronto, ON",https://ca.indeed.com/viewjob?jk=ef8befe4edca52c7
Junior Python Developer,DNEG,"Toronto, ON",https://ca.indeed.com/viewjob?jk=0d95fa7acda3bfd3
Senior Python Developer,Yep Media,"Markham, ON",https://ca.indeed.com/viewjob?jk=084ca85e0faaab13
"RF/Antenna Engineering Intern (Fall 2022, 8-16months)",Kepler Communications,"Toronto, ON",https://ca.indeed.com/viewjob?jk=60ab471ac812dbd6
"Design, Development and Operations",Canadian Security Intelligence Service,"Ottawa, ON",https://ca.indeed.com/viewjob?jk=a1b886a6bd813eb2
Python Developer,NLB Services,"Toronto, ON",https://ca.indeed.com/viewjob?jk=3a2a909cceb58260
Co-op Students – Energy & Sustainability,RDH,"Toronto, ON",https://ca.indeed.com/viewjob?jk=a495d277ac8752dc
Senior Software Engineer - Python,Cowbell Cyber Inc.,"Remote in Toronto, ON",https://ca.indeed.com/viewjob?jk=34d5b4be8b41cced
Financial Analyst,Investment Planning Counsel,"Mississauga, ON",https://ca.indeed.com/viewjob?jk=e9e1b1402d227bf9
FPGA Software Engineer,Intel,"Toronto, ON",https://ca.indeed.com/viewjob?jk=f6559fb92ce4afe2
embedded software engineer,NXP Canada Inc.,"Remote in Kanata, ON",https://ca.indeed.com/viewjob?jk=4e6de468be843d20
Back End Developer Intern (4 months),IBM,"Markham, ON",https://ca.indeed.com/viewjob?jk=16a54634fb1262b5
Python Developer,AP Capital,"Toronto, ON",https://ca.indeed.com/viewjob?jk=2a1322e01cf94289
Fall 2022 Co-op: Core Services Developer,Rogers Communications,"Brampton, ON",https://ca.indeed.com/viewjob?jk=6e3c95a7ec68d6e7
Python Developer,Pack-Smart Inc.,"Concord, ON",https://ca.indeed.com/viewjob?jk=c949618a0346d3e0
Senior Network Exploitation Analyst,Canadian Security Intelligence Service,"Ottawa, ON",https://ca.indeed.com/viewjob?jk=ce4be122cea7347b
Business Analyst (Remote),BenchSci,"Remote in Toronto, ON",https://ca.indeed.com/viewjob?jk=0715a9ee3c9f65d5
Software Developer (Python),Sentaca,"Toronto, ON",https://ca.indeed.com/viewjob?jk=f2edd794941770ab
"Associate, Business Analyst (New Grad)",Capital One,"Hybrid remote in Toronto, ON",https://ca.indeed.com/viewjob?jk=6fdfed75349b3baa
Python RedShift/PostgreSQL Developer,DENOLOGIX,"Remote in Toronto, ON",https://ca.indeed.com/viewjob?jk=b5c13dbb7238f44a
Fall 2022 Co-op: Software Developer,Rogers Communications,"Brampton, ON",https://ca.indeed.com/viewjob?jk=c27d14b91d059594
Junior Data Analyst,Beta-Calco,"Remote in Toronto, ON",https://ca.indeed.com/viewjob?jk=1959ef6638db3eb7
COMPOSITOR - JUNIOR,Tryptyc,"Remote in Toronto, ON",https://ca.indeed.com/viewjob?jk=cbb79bedd80bc3ab
"engineer, software",Kraft Heinz,"Remote in North York, ON",https://ca.indeed.com/viewjob?jk=7253eb999987a374
Quality Assurance Analysts,Avenu Insights and Analytics,"Mississauga, ON",https://ca.indeed.com/viewjob?jk=f3e17250636913ea
"Software Developer, Early Career",Google,"Waterloo, ON",https://ca.indeed.com/viewjob?jk=369437712218a654
Business Analyst,Amex,"Toronto, ON",https://ca.indeed.com/viewjob?jk=15469a6b82ba0c85
Current Positions,Angstrom Engineering,"Kitchener, ON",https://ca.indeed.com/viewjob?jk=984575c192de5e46
Agent de sécurité de la TI,Canadian Security Intelligence Service,"Ottawa, ON",https://ca.indeed.com/viewjob?jk=ff6e95eeb0f6eff2
Software Engineering Co-op/Intern,NOKIA,"Ottawa, ON",https://ca.indeed.com/viewjob?jk=cde174e50c009f54
Investment Operations Analyst,OnwSixtyTwo Digital Capital,"Greater Toronto Area, ON",https://ca.indeed.com/viewjob?jk=d8e4856e99445ed5
Toronto - Junior Software Developer,FDM Group,"Toronto, ON",https://ca.indeed.com/viewjob?jk=b81435d2cca48c0d
Sr. System Administrator SYSADMIN,Mendax Micro,"Toronto, ON",https://ca.indeed.com/viewjob?jk=2a37662f6411f3e7
Python Developer,RiskView Inc.,"Toronto, ON",https://ca.indeed.com/viewjob?jk=0b6d69ff69481a6c
Senior Python Developer,TV2 Consulting,"Remote in Toronto, ON",https://ca.indeed.com/viewjob?jk=0e5df830f2d0f603
Data Scientist,MSi Corp (Bell Canada),,https://ca.indeed.com/viewjob?jk=5ceec7f44d0acb3c
Test Engineering Intern,Semtech,"Burlington, ON",https://ca.indeed.com/viewjob?jk=29078d4b1e5e2132
Python Engineer,TD Bank,"Toronto, ON",https://ca.indeed.com/viewjob?jk=01781382e079ca3c
front-end developer,ThinkRF,"Kanata, ON",https://ca.indeed.com/viewjob?jk=e905f61b1fd68b64
embedded software engineer,Ciena Corp,"Remote in Kanata, ON",https://ca.indeed.com/viewjob?jk=872cee9c0cdea5f4
Reporting & Planning Specialist - Customer Care (remote) Tor...,Philip Morris International,"Remote in Toronto, ON",https://ca.indeed.com/viewjob?jk=d5d76f067af9bd86
Search Data Analyst (15013) - Toronto (Remote),Getty Images,"Temporarily Remote in Toronto, ON",https://ca.indeed.com/viewjob?jk=58b243f85de7e4ae
R & D Scientist (Remote),BenchSci,"Remote in Toronto, ON",https://ca.indeed.com/viewjob?jk=695c5d5596bdd8dd
Data Scientist - Co-op,SkyWatch,"Kitchener, ON",https://ca.indeed.com/viewjob?jk=5a3f1a7647b45764
Graduate Research Intern (Machine Learning),Deep Genomics,"Toronto, ON",https://ca.indeed.com/viewjob?jk=32dc3e836f00d45b
Full Stack Software Developer,Hotspex Media,,https://ca.indeed.com/viewjob?jk=06395cfdf961353c
"Student Researcher, PhD, 2022",Google,"Remote in Waterloo, ON",https://ca.indeed.com/viewjob?jk=f103ad2ca4682895
Customer Applications Eng Co-op/Intern,NOKIA,"Remote in Ottawa, ON",https://ca.indeed.com/viewjob?jk=1f5d75b92133d268
Data Scientist --Digital Signal Processing (DSP) Python,BresoTec Incorporated,"Remote in Toronto, ON",https://ca.indeed.com/viewjob?jk=c26aa9f3ed0bde43
Java or Python Developer,Dawn InfoTek Inc.,"Toronto, ON",https://ca.indeed.com/viewjob?jk=ef8befe4edca52c7
Junior Python Developer,DNEG,"Toronto, ON",https://ca.indeed.com/viewjob?jk=0d95fa7acda3bfd3
Senior Python Developer,Yep Media,"Markham, ON",https://ca.indeed.com/viewjob?jk=084ca85e0faaab13
"RF/Antenna Engineering Intern (Fall 2022, 8-16months)",Kepler Communications,"Toronto, ON",https://ca.indeed.com/viewjob?jk=60ab471ac812dbd6
"Design, Development and Operations",Canadian Security Intelligence Service,"Ottawa, ON",https://ca.indeed.com/viewjob?jk=a1b886a6bd813eb2
Python Developer,NLB Services,"Toronto, ON",https://ca.indeed.com/viewjob?jk=3a2a909cceb58260
Co-op Students – Energy & Sustainability,RDH,"Toronto, ON",https://ca.indeed.com/viewjob?jk=a495d277ac8752dc
Senior Software Engineer - Python,Cowbell Cyber Inc.,"Remote in Toronto, ON",https://ca.indeed.com/viewjob?jk=34d5b4be8b41cced
Financial Analyst,Investment Planning Counsel,"Mississauga, ON",https://ca.indeed.com/viewjob?jk=e9e1b1402d227bf9
FPGA Software Engineer,Intel,"Toronto, ON",https://ca.indeed.com/viewjob?jk=f6559fb92ce4afe2
embedded software engineer,NXP Canada Inc.,"Remote in Kanata, ON",https://ca.indeed.com/viewjob?jk=4e6de468be843d20
IT Technician (Production Tools and Efficiency),Sky Systems Inc,"Hybrid remote in Toronto, ON",https://ca.indeed.com/viewjob?jk=86309dd9178075f1
Back End Developer Intern (4 months),IBM,"Markham, ON",https://ca.indeed.com/viewjob?jk=16a54634fb1262b5
Python Developer,AP Capital,"Toronto, ON",https://ca.indeed.com/viewjob?jk=2a1322e01cf94289
Fall 2022 Co-op: Core Services Developer,Rogers Communications,"Brampton, ON",https://ca.indeed.com/viewjob?jk=6e3c95a7ec68d6e7
Python Developer,Pack-Smart Inc.,"Concord, ON",https://ca.indeed.com/viewjob?jk=c949618a0346d3e0
Senior Network Exploitation Analyst,Canadian Security Intelligence Service,"Ottawa, ON",https://ca.indeed.com/viewjob?jk=ce4be122cea7347b
Software Engineering Co-op/Intern,NOKIA,"Ottawa, ON",https://ca.indeed.com/viewjob?jk=cde174e50c009f54
Investment Operations Analyst,OnwSixtyTwo Digital Capital,"Greater Toronto Area, ON",https://ca.indeed.com/viewjob?jk=d8e4856e99445ed5
Toronto - Junior Software Developer,FDM Group,"Toronto, ON",https://ca.indeed.com/viewjob?jk=b81435d2cca48c0d
Sr. System Administrator SYSADMIN,Mendax Micro,"Toronto, ON",https://ca.indeed.com/viewjob?jk=2a37662f6411f3e7
Python Developer,RiskView Inc.,"Toronto, ON",https://ca.indeed.com/viewjob?jk=0b6d69ff69481a6c
Senior Python Developer,TV2 Consulting,"Remote in Toronto, ON",https://ca.indeed.com/viewjob?jk=0e5df830f2d0f603
Product Data Analyst,Numerator,Remote in Canada,https://ca.indeed.com/viewjob?jk=2e6cf46bdebdb84b
Data Scientist,MSi Corp (Bell Canada),,https://ca.indeed.com/viewjob?jk=5ceec7f44d0acb3c
Test Engineering Intern,Semtech,"Burlington, ON",https://ca.indeed.com/viewjob?jk=29078d4b1e5e2132
Python Engineer,TD Bank,"Toronto, ON",https://ca.indeed.com/viewjob?jk=01781382e079ca3c
front-end developer,ThinkRF,"Kanata, ON",https://ca.indeed.com/viewjob?jk=e905f61b1fd68b64
embedded software engineer,Ciena Corp,"Remote in Kanata, ON",https://ca.indeed.com/viewjob?jk=872cee9c0cdea5f4
Reporting & Planning Specialist - Customer Care (remote) Tor...,Philip Morris International,"Remote in Toronto, ON",https://ca.indeed.com/viewjob?jk=d5d76f067af9bd86
Search Data Analyst (15013) - Toronto (Remote),Getty Images,"Temporarily Remote in Toronto, ON",https://ca.indeed.com/viewjob?jk=58b243f85de7e4ae
R & D Scientist (Remote),BenchSci,"Remote in Toronto, ON",https://ca.indeed.com/viewjob?jk=695c5d5596bdd8dd
Senior Python Developer - VD10,Vdart Inc,"Remote in Toronto, ON",https://ca.indeed.com/viewjob?jk=dbc4bfd857b0b1a9
Data Scientist - Co-op,SkyWatch,"Kitchener, ON",https://ca.indeed.com/viewjob?jk=5a3f1a7647b45764
Graduate Research Intern (Machine Learning),Deep Genomics,"Toronto, ON",https://ca.indeed.com/viewjob?jk=32dc3e836f00d45b
Full Stack Software Developer,Hotspex Media,,https://ca.indeed.com/viewjob?jk=06395cfdf961353c
"Student Researcher, PhD, 2022",Google,"Remote in Waterloo, ON",https://ca.indeed.com/viewjob?jk=f103ad2ca4682895
Customer Applications Eng Co-op/Intern,NOKIA,"Remote in Ottawa, ON",https://ca.indeed.com/viewjob?jk=1f5d75b92133d268
Data Scientist --Digital Signal Processing (DSP) Python,BresoTec Incorporated,"Remote in Toronto, ON",https://ca.indeed.com/viewjob?jk=c26aa9f3ed0bde43
Java or Python Developer,Dawn InfoTek Inc.,"Toronto, ON",https://ca.indeed.com/viewjob?jk=ef8befe4edca52c7
Junior Python Developer,DNEG,"Toronto, ON",https://ca.indeed.com/viewjob?jk=0d95fa7acda3bfd3
Senior Python Developer,Yep Media,"Markham, ON",https://ca.indeed.com/viewjob?jk=084ca85e0faaab13
"RF/Antenna Engineering Intern (Fall 2022, 8-16months)",Kepler Communications,"Toronto, ON",https://ca.indeed.com/viewjob?jk=60ab471ac812dbd6
"Design, Development and Operations",Canadian Security Intelligence Service,"Ottawa, ON",https://ca.indeed.com/viewjob?jk=a1b886a6bd813eb2
Python Developer,NLB Services,"Toronto, ON",https://ca.indeed.com/viewjob?jk=3a2a909cceb58260
Co-op Students – Energy & Sustainability,RDH,"Toronto, ON",https://ca.indeed.com/viewjob?jk=a495d277ac8752dc
Senior Software Engineer - Python,Cowbell Cyber Inc.,"Remote in Toronto, ON",https://ca.indeed.com/viewjob?jk=34d5b4be8b41cced
Financial Analyst,Investment Planning Counsel,"Mississauga, ON",https://ca.indeed.com/viewjob?jk=e9e1b1402d227bf9
FPGA Software Engineer,Intel,"Toronto, ON",https://ca.indeed.com/viewjob?jk=f6559fb92ce4afe2
embedded software engineer,NXP Canada Inc.,"Remote in Kanata, ON",https://ca.indeed.com/viewjob?jk=4e6de468be843d20
Back End Developer Intern (4 months),IBM,"Markham, ON",https://ca.indeed.com/viewjob?jk=16a54634fb1262b5
Senior Python Developer - Web App,Flightpath Software Inc.,Remote in Ontario,https://ca.indeed.com/viewjob?jk=3b0a2f5196d608d1
Python Developer,AP Capital,"Toronto, ON",https://ca.indeed.com/viewjob?jk=2a1322e01cf94289
Fall 2022 Co-op: Core Services Developer,Rogers Communications,"Brampton, ON",https://ca.indeed.com/viewjob?jk=6e3c95a7ec68d6e7
Python Developer,Pack-Smart Inc.,"Concord, ON",https://ca.indeed.com/viewjob?jk=c949618a0346d3e0
Senior Network Exploitation Analyst,Canadian Security Intelligence Service,"Ottawa, ON",https://ca.indeed.com/viewjob?jk=ce4be122cea7347b
"Quality Assurance, Intern",VerticalScope Inc.,"Toronto, ON",https://ca.indeed.com/viewjob?jk=b0f90a32c24c216a
Fall 2022 Co-op: Network Engineer,Rogers Communications,"Brampton, ON",https://ca.indeed.com/viewjob?jk=3224531b0b8e7a58
Junior Data Scientist,Guardian Capital Group Limited,"Toronto, ON",https://ca.indeed.com/viewjob?jk=6bc05d2c2a979135
Graduate Research Intern (Computational Biology),Deep Genomics,"Toronto, ON",https://ca.indeed.com/viewjob?jk=01294f3425513896
Machine Learning Computer Vision Engineer,Fieri Consulting,"Remote in Toronto, ON",https://ca.indeed.com/viewjob?jk=5c8b2e6675352bf3
Data Analyst II (Canada Remote),Fullscript,"Remote in Ottawa, ON",https://ca.indeed.com/viewjob?jk=960a4f7cc87a1d3c
database analyst,Delbridge Solutions Inc.,"Remote in Concord, ON",https://ca.indeed.com/viewjob?jk=19bb02b2a97af938
QA Tester,MMB Networks,"Hybrid remote in Toronto, ON",https://ca.indeed.com/viewjob?jk=4ca92feac5c7ba01
Fall 2022 Software Developer Co-Op/Intern,Vidyard,"Remote in Kitchener, ON",https://ca.indeed.com/viewjob?jk=83e3b6205ddcd14c
"Associate, Business Analyst",Capital One,"Hybrid remote in Toronto, ON",https://ca.indeed.com/viewjob?jk=efcae3d502eab382
University Grad Software Engineer (Canada),Pinterest,"Toronto, ON",https://ca.indeed.com/viewjob?jk=ea544e0b2095e190
Senior Python Developer,Jonah Group,"Toronto, ON",https://ca.indeed.com/viewjob?jk=d4ae470d0a75533b
Sr. Python Developer,Royal Bank of Canada,"Toronto, ON",https://ca.indeed.com/viewjob?jk=48a156cc0effdda8
Business Analyst (Remote),BenchSci,"Remote in Toronto, ON",https://ca.indeed.com/viewjob?jk=0715a9ee3c9f65d5
Software Developer (Python),Sentaca,"Toronto, ON",https://ca.indeed.com/viewjob?jk=f2edd794941770ab
"Associate, Business Analyst (New Grad)",Capital One,"Hybrid remote in Toronto, ON",https://ca.indeed.com/viewjob?jk=6fdfed75349b3baa
Python RedShift/PostgreSQL Developer,DENOLOGIX,"Remote in Toronto, ON",https://ca.indeed.com/viewjob?jk=b5c13dbb7238f44a
Fall 2022 Co-op: Software Developer,Rogers Communications,"Brampton, ON",https://ca.indeed.com/viewjob?jk=c27d14b91d059594
Junior Data Analyst,Beta-Calco,"Remote in Toronto, ON",https://ca.indeed.com/viewjob?jk=1959ef6638db3eb7
COMPOSITOR - JUNIOR,Tryptyc,"Remote in Toronto, ON",https://ca.indeed.com/viewjob?jk=cbb79bedd80bc3ab
"engineer, software",Kraft Heinz,"Remote in North York, ON",https://ca.indeed.com/viewjob?jk=7253eb999987a374
Quality Assurance Analysts,Avenu Insights and Analytics,"Mississauga, ON",https://ca.indeed.com/viewjob?jk=f3e17250636913ea
"Software Developer, Early Career",Google,"Waterloo, ON",https://ca.indeed.com/viewjob?jk=369437712218a654
Business Analyst,Amex,"Toronto, ON",https://ca.indeed.com/viewjob?jk=15469a6b82ba0c85
Current Positions,Angstrom Engineering,"Kitchener, ON",https://ca.indeed.com/viewjob?jk=984575c192de5e46
Agent de sécurité de la TI,Canadian Security Intelligence Service,"Ottawa, ON",https://ca.indeed.com/viewjob?jk=ff6e95eeb0f6eff2
Software Engineering Co-op/Intern,NOKIA,"Ottawa, ON",https://ca.indeed.com/viewjob?jk=cde174e50c009f54
Investment Operations Analyst,OnwSixtyTwo Digital Capital,"Greater Toronto Area, ON",https://ca.indeed.com/viewjob?jk=d8e4856e99445ed5
Toronto - Junior Software Developer,FDM Group,"Toronto, ON",https://ca.indeed.com/viewjob?jk=b81435d2cca48c0d
Sr. System Administrator SYSADMIN,Mendax Micro,"Toronto, ON",https://ca.indeed.com/viewjob?jk=2a37662f6411f3e7
Python Developer,RiskView Inc.,"Toronto, ON",https://ca.indeed.com/viewjob?jk=0b6d69ff69481a6c
Senior Python Developer,TV2 Consulting,"Remote in Toronto, ON",https://ca.indeed.com/viewjob?jk=0e5df830f2d0f603
Data Scientist,MSi Corp (Bell Canada),,https://ca.indeed.com/viewjob?jk=5ceec7f44d0acb3c
Test Engineering Intern,Semtech,"Burlington, ON",https://ca.indeed.com/viewjob?jk=29078d4b1e5e2132
Python Engineer,TD Bank,"Toronto, ON",https://ca.indeed.com/viewjob?jk=01781382e079ca3c
front-end developer,ThinkRF,"Kanata, ON",https://ca.indeed.com/viewjob?jk=e905f61b1fd68b64
embedded software engineer,Ciena Corp,"Remote in Kanata, ON",https://ca.indeed.com/viewjob?jk=872cee9c0cdea5f4
Reporting & Planning Specialist - Customer Care (remote) Tor...,Philip Morris International,"Remote in Toronto, ON",https://ca.indeed.com/viewjob?jk=d5d76f067af9bd86
Search Data Analyst (15013) - Toronto (Remote),Getty Images,"Temporarily Remote in Toronto, ON",https://ca.indeed.com/viewjob?jk=58b243f85de7e4ae
R & D Scientist (Remote),BenchSci,"Remote in Toronto, ON",https://ca.indeed.com/viewjob?jk=695c5d5596bdd8dd
Data Scientist - Co-op,SkyWatch,"Kitchener, ON",https://ca.indeed.com/viewjob?jk=5a3f1a7647b45764
Graduate Research Intern (Machine Learning),Deep Genomics,"Toronto, ON",https://ca.indeed.com/viewjob?jk=32dc3e836f00d45b
Full Stack Software Developer,Hotspex Media,,https://ca.indeed.com/viewjob?jk=06395cfdf961353c
"Student Researcher, PhD, 2022",Google,"Remote in Waterloo, ON",https://ca.indeed.com/viewjob?jk=f103ad2ca4682895
Customer Applications Eng Co-op/Intern,NOKIA,"Remote in Ottawa, ON",https://ca.indeed.com/viewjob?jk=1f5d75b92133d268
Data Scientist --Digital Signal Processing (DSP) Python,BresoTec Incorporated,"Remote in Toronto, ON",https://ca.indeed.com/viewjob?jk=c26aa9f3ed0bde43
Java or Python Developer,Dawn InfoTek Inc.,"Toronto, ON",https://ca.indeed.com/viewjob?jk=ef8befe4edca52c7
Junior Python Developer,DNEG,"Toronto, ON",https://ca.indeed.com/viewjob?jk=0d95fa7acda3bfd3
Senior Python Developer,Yep Media,"Markham, ON",https://ca.indeed.com/viewjob?jk=084ca85e0faaab13
"RF/Antenna Engineering Intern (Fall 2022, 8-16months)",Kepler Communications,"Toronto, ON",https://ca.indeed.com/viewjob?jk=60ab471ac812dbd6
"Design, Development and Operations",Canadian Security Intelligence Service,"Ottawa, ON",https://ca.indeed.com/viewjob?jk=a1b886a6bd813eb2
Python Developer,NLB Services,"Toronto, ON",https://ca.indeed.com/viewjob?jk=3a2a909cceb58260
Co-op Students – Energy & Sustainability,RDH,"Toronto, ON",https://ca.indeed.com/viewjob?jk=a495d277ac8752dc
Senior Software Engineer - Python,Cowbell Cyber Inc.,"Remote in Toronto, ON",https://ca.indeed.com/viewjob?jk=34d5b4be8b41cced
Financial Analyst,Investment Planning Counsel,"Mississauga, ON",https://ca.indeed.com/viewjob?jk=e9e1b1402d227bf9
FPGA Software Engineer,Intel,"Toronto, ON",https://ca.indeed.com/viewjob?jk=f6559fb92ce4afe2
embedded software engineer,NXP Canada Inc.,"Remote in Kanata, ON",https://ca.indeed.com/viewjob?jk=4e6de468be843d20
Back End Developer Intern (4 months),IBM,"Markham, ON",https://ca.indeed.com/viewjob?jk=16a54634fb1262b5
Python Developer,AP Capital,"Toronto, ON",https://ca.indeed.com/viewjob?jk=2a1322e01cf94289
Fall 2022 Co-op: Core Services Developer,Rogers Communications,"Brampton, ON",https://ca.indeed.com/viewjob?jk=6e3c95a7ec68d6e7
Python Developer,Pack-Smart Inc.,"Concord, ON",https://ca.indeed.com/viewjob?jk=c949618a0346d3e0
Senior Python Developer,Jonah Group,"Toronto, ON",https://ca.indeed.com/viewjob?jk=d4ae470d0a75533b
Sr. Python Developer,Royal Bank of Canada,"Toronto, ON",https://ca.indeed.com/viewjob?jk=48a156cc0effdda8
Business Analyst (Remote),BenchSci,"Remote in Toronto, ON",https://ca.indeed.com/viewjob?jk=0715a9ee3c9f65d5
Software Developer (Python),Sentaca,"Toronto, ON",https://ca.indeed.com/viewjob?jk=f2edd794941770ab
"Associate, Business Analyst (New Grad)",Capital One,"Hybrid remote in Toronto, ON",https://ca.indeed.com/viewjob?jk=6fdfed75349b3baa
Python RedShift/PostgreSQL Developer,DENOLOGIX,"Remote in Toronto, ON",https://ca.indeed.com/viewjob?jk=b5c13dbb7238f44a
Fall 2022 Co-op: Software Developer,Rogers Communications,"Brampton, ON",https://ca.indeed.com/viewjob?jk=c27d14b91d059594
Junior Data Analyst,Beta-Calco,"Remote in Toronto, ON",https://ca.indeed.com/viewjob?jk=1959ef6638db3eb7
COMPOSITOR - JUNIOR,Tryptyc,"Remote in Toronto, ON",https://ca.indeed.com/viewjob?jk=cbb79bedd80bc3ab
"engineer, software",Kraft Heinz,"Remote in North York, ON",https://ca.indeed.com/viewjob?jk=7253eb999987a374
Quality Assurance Analysts,Avenu Insights and Analytics,"Mississauga, ON",https://ca.indeed.com/viewjob?jk=f3e17250636913ea
"Software Developer, Early Career",Google,"Waterloo, ON",https://ca.indeed.com/viewjob?jk=369437712218a654
Business Analyst,Amex,"Toronto, ON",https://ca.indeed.com/viewjob?jk=15469a6b82ba0c85
Current Positions,Angstrom Engineering,"Kitchener, ON",https://ca.indeed.com/viewjob?jk=984575c192de5e46
Agent de sécurité de la TI,Canadian Security Intelligence Service,"Ottawa, ON",https://ca.indeed.com/viewjob?jk=ff6e95eeb0f6eff2
Software Engineering Co-op/Intern,NOKIA,"Ottawa, ON",https://ca.indeed.com/viewjob?jk=cde174e50c009f54
Investment Operations Analyst,OnwSixtyTwo Digital Capital,"Greater Toronto Area, ON",https://ca.indeed.com/viewjob?jk=d8e4856e99445ed5
Toronto - Junior Software Developer,FDM Group,"Toronto, ON",https://ca.indeed.com/viewjob?jk=b81435d2cca48c0d
Sr. System Administrator SYSADMIN,Mendax Micro,"Toronto, ON",https://ca.indeed.com/viewjob?jk=2a37662f6411f3e7
Python Developer,RiskView Inc.,"Toronto, ON",https://ca.indeed.com/viewjob?jk=0b6d69ff69481a6c
Senior Python Developer,TV2 Consulting,"Remote in Toronto, ON",https://ca.indeed.com/viewjob?jk=0e5df830f2d0f603
Data Scientist,MSi Corp (Bell Canada),,https://ca.indeed.com/viewjob?jk=5ceec7f44d0acb3c
Test Engineering Intern,Semtech,"Burlington, ON",https://ca.indeed.com/viewjob?jk=29078d4b1e5e2132
Python Engineer,TD Bank,"Toronto, ON",https://ca.indeed.com/viewjob?jk=01781382e079ca3c
front-end developer,ThinkRF,"Kanata, ON",https://ca.indeed.com/viewjob?jk=e905f61b1fd68b64
embedded software engineer,Ciena Corp,"Remote in Kanata, ON",https://ca.indeed.com/viewjob?jk=872cee9c0cdea5f4
Reporting & Planning Specialist - Customer Care (remote) Tor...,Philip Morris International,"Remote in Toronto, ON",https://ca.indeed.com/viewjob?jk=d5d76f067af9bd86
Search Data Analyst (15013) - Toronto (Remote),Getty Images,"Temporarily Remote in Toronto, ON",https://ca.indeed.com/viewjob?jk=58b243f85de7e4ae
R & D Scientist (Remote),BenchSci,"Remote in Toronto, ON",https://ca.indeed.com/viewjob?jk=695c5d5596bdd8dd
Data Scientist - Co-op,SkyWatch,"Kitchener, ON",https://ca.indeed.com/viewjob?jk=5a3f1a7647b45764
Graduate Research Intern (Machine Learning),Deep Genomics,"Toronto, ON",https://ca.indeed.com/viewjob?jk=32dc3e836f00d45b
Full Stack Software Developer,Hotspex Media,,https://ca.indeed.com/viewjob?jk=06395cfdf961353c
"Student Researcher, PhD, 2022",Google,"Remote in Waterloo, ON",https://ca.indeed.com/viewjob?jk=f103ad2ca4682895
Customer Applications Eng Co-op/Intern,NOKIA,"Remote in Ottawa, ON",https://ca.indeed.com/viewjob?jk=1f5d75b92133d268
Data Scientist --Digital Signal Processing (DSP) Python,BresoTec Incorporated,"Remote in Toronto, ON",https://ca.indeed.com/viewjob?jk=c26aa9f3ed0bde43
Java or Python Developer,Dawn InfoTek Inc.,"Toronto, ON",https://ca.indeed.com/viewjob?jk=ef8befe4edca52c7
Junior Python Developer,DNEG,"Toronto, ON",https://ca.indeed.com/viewjob?jk=0d95fa7acda3bfd3
Senior Python Developer,Yep Media,"Markham, ON",https://ca.indeed.com/viewjob?jk=084ca85e0faaab13
"RF/Antenna Engineering Intern (Fall 2022, 8-16months)",Kepler Communications,"Toronto, ON",https://ca.indeed.com/viewjob?jk=60ab471ac812dbd6
"Design, Development and Operations",Canadian Security Intelligence Service,"Ottawa, ON",https://ca.indeed.com/viewjob?jk=a1b886a6bd813eb2
Python Developer,NLB Services,"Toronto, ON",https://ca.indeed.com/viewjob?jk=3a2a909cceb58260
Co-op Students – Energy & Sustainability,RDH,"Toronto, ON",https://ca.indeed.com/viewjob?jk=a495d277ac8752dc
Senior Software Engineer - Python,Cowbell Cyber Inc.,"Remote in Toronto, ON",https://ca.indeed.com/viewjob?jk=34d5b4be8b41cced
Financial Analyst,Investment Planning Counsel,"Mississauga, ON",https://ca.indeed.com/viewjob?jk=e9e1b1402d227bf9
FPGA Software Engineer,Intel,"Toronto, ON",https://ca.indeed.com/viewjob?jk=f6559fb92ce4afe2
embedded software engineer,NXP Canada Inc.,"Remote in Kanata, ON",https://ca.indeed.com/viewjob?jk=4e6de468be843d20
Back End Developer Intern (4 months),IBM,"Markham, ON",https://ca.indeed.com/viewjob?jk=16a54634fb1262b5
Python Developer,AP Capital,"Toronto, ON",https://ca.indeed.com/viewjob?jk=2a1322e01cf94289
Fall 2022 Co-op: Core Services Developer,Rogers Communications,"Brampton, ON",https://ca.indeed.com/viewjob?jk=6e3c95a7ec68d6e7
Python Developer,Pack-Smart Inc.,"Concord, ON",https://ca.indeed.com/viewjob?jk=c949618a0346d3e0
